{
    "host": "https://my-host-name.i.tgcloud.io",
    "username": "user_1",
    "password": "MyPassword1234",
    "getToken": true,
    "graph_name": "Entity_Resolution_Templating",
    "entity": "Customer",
    "same_as": "Same_As",
    "connected_component": "Connected_Component",
    "entity_in_ring": "Entity_In_Ring",
    "edges_meta": {
        "Customer_Has_First_Name": {
            "weight": 0.2,
            "fuzzy": false,
            "allow_multiple": false,
            "to_vertex": "First_Name"
        },
        "Customer_Has_Last_Name": {
            "weight": 0.2,
            "fuzzy": false,
            "allow_multiple": false,
            "to_vertex": "Last_Name"
        },
        "Customer_Has_Gender": {
            "weight": 0.15,
            "fuzzy": false,
            "allow_multiple": false,
            "to_vertex": "Gender"
        },
        "Customer_Has_Address": {
            "weight": 0.25,
            "fuzzy": true,
            "allow_multiple": false,
            "to_vertex": "Address"
        },
        "Customer_Has_City": {
            "weight": 0.25,
            "fuzzy": false,
            "allow_multiple": false,
            "to_vertex": "City"
        },
        "Customer_Has_Country": {
            "weight": 0.25,
            "fuzzy": false,
            "allow_multiple": false,
            "to_vertex": "Country"
        },
        "Customer_Has_Postal_Code": {
            "weight": 0.25,
            "fuzzy": false,
            "allow_multiple": false,
            "to_vertex": "Postal_Code"
        },
        "Customer_Has_Phone": {
            "weight": 0.35,
            "fuzzy": true,
            "allow_multiple": true,
            "to_vertex": "Phone"
        },
        "Customer_Has_Email": {
            "weight": 0.35,
            "fuzzy": true,
            "allow_multiple": false,
            "to_vertex": "Email"
        },
        "Customer_Has_Date_Of_Birth": {
            "weight": 0.25,
            "fuzzy": false,
            "allow_multiple": false,
            "to_vertex": "Date_Of_Birth"
        }
    },
    "bucket_size": 0.1,
    "batch_num": 10,
    "threshold": 1.0,
    "connections": 7500,
    "loading_job_meta": {
        "data_source": "./1k_customers_no_header.csv",
        "file_has_header_row": false,
        "entity_id_column": "$0",
        "vertices": [
            { "name": "Customer", "values": ["$0"] },
            { "name": "First_Name", "values": ["$1"] },
            { "name": "Last_Name", "values": ["$2"] },
            { "name": "Gender", "values": ["$3"] },
            { "name": "Address", "values": ["$4"] },
            { "name": "City", "values": ["$5"] },
            { "name": "Country", "values": ["$6"] },
            { "name": "Postal_Code", "values": ["$7"] },
            { "name": "Phone", "values": ["$8"] },
            { "name": "Phone", "values": ["$9"] },
            { "name": "Phone", "values": ["$10"] },
            { "name": "Email", "values": ["$11"] },
            { "name": "Date_Of_Birth", "values": ["$12"] }
        ],
        "edges": [
            { "name": "Customer_Has_First_Name", "values": ["$0", "$1", "$1"] },
            { "name": "Customer_Has_Last_Name", "values": ["$0", "$2", "$2"] },
            { "name": "Customer_Has_Gender", "values": ["$0", "$3", "$3"] },
            { "name": "Customer_Has_Address", "values": ["$0", "$4", "$4"] },
            { "name": "Customer_Has_City", "values": ["$0", "$5", "$5"] },
            { "name": "Customer_Has_Country", "values": ["$0", "$6", "$6"] },
            { "name": "Customer_Has_Postal_Code", "values": ["$0", "$7", "$7"] },
            { "name": "Customer_Has_Phone", "values": ["$0", "$8", "$8"] },
            { "name": "Customer_Has_Phone", "values": ["$0", "$9", "$9"] },
            { "name": "Customer_Has_Phone", "values": ["$0", "$10", "$10"] },
            { "name": "Customer_Has_Email", "values": ["$0", "$11", "$11"] },
            { "name": "Customer_Has_Date_Of_Birth", "values": ["$0", "$12", "$12"] }
        ],
        "minhash_loadings": [
            { "edge": "Customer_Has_Address_Hash", "vertex": "Address_Hash", "column": "$4" },
            { "edge": "Customer_Has_Email_Hash", "vertex": "Email_Hash", "column": "$11" },
            { "edge": "Customer_Has_Phone_Hash", "vertex": "Phone_Hash", "column": "$8" },
            { "edge": "Customer_Has_Phone_Hash", "vertex": "Phone_Hash", "column": "$9" },
            { "edge": "Customer_Has_Phone_Hash", "vertex": "Phone_Hash", "column": "$10" }
        ]
    }
}